<?xml version="1.0"?>
<data grt_format="2.0">
  <value _ptr_="0x55da4e6c2360" type="list" content-type="object" content-struct-name="db.mgmt.ServerInstance">
    <value type="object" struct-name="db.mgmt.ServerInstance" id="6fe04892-e028-11e8-8f8b-b98d32e848d6" struct-checksum="0x367436e2">
      <link type="object" struct-name="db.mgmt.Connection" key="connection">953bace0-de18-11e8-ac0c-d053495372e9</link>
      <value _ptr_="0x55da4ed64a40" type="dict" key="loginInfo">
        <value type="string" key="ssh.port">22</value>
        <value type="int" key="ssh.useKey">0</value>
      </value>
      <value _ptr_="0x55da4ed7ec00" type="dict" key="serverInfo">
        <value type="string" key="serverVersion">5.7.24-0ubuntu0.18.04.1</value>
        <value type="int" key="setupPending">0</value>
        <value type="string" key="sys.config.path">/etc/my.cnf</value>
        <value type="string" key="sys.config.section">mysqld</value>
        <value type="string" key="sys.mysqld.start">systemctl start mysqld.service</value>
        <value type="string" key="sys.mysqld.stop">systemctl stop mysqld.service</value>
        <value type="string" key="sys.preset">CentOS 7 (MySQL Package)</value>
        <value type="string" key="sys.sudo"></value>
        <value type="string" key="sys.system">Linux</value>
        <value type="int" key="sys.usesu">1</value>
        <value type="int" key="sys.usesudo">1</value>
      </value>
      <value type="string" key="name">Local instance 3306 instance</value>
    </value>
  </value>
</data>
